{"cameraMode":{"drawMode":0,"name":"Shaded","section":"Shading Mode"},"sceneLighting":false,"audioPlay":false,"sceneViewState":{"showFog":true,"showMaterialUpdate":false,"showSkybox":false,"showFlares":true,"showImageEffects":true,"showParticleSystems":true},"in2DMode":false,"pivot":{"x":0.3098428547382355,"y":0.00005120038986206055,"z":0.0003667175769805908},"rotation":{"x":-0.045208778232336047,"y":-0.06229953467845917,"z":0.00280253728851676,"w":-0.9970647692680359},"size":0.47869884967803957,"orthographic":false}