{"cameraMode":{"drawMode":0,"name":"Shaded","section":"Shading Mode"},"sceneLighting":true,"audioPlay":false,"sceneViewState":{"showFog":true,"showMaterialUpdate":false,"showSkybox":true,"showFlares":true,"showImageEffects":true,"showParticleSystems":true},"in2DMode":false,"pivot":{"x":0.0,"y":0.7245951890945435,"z":0.4223194420337677},"rotation":{"x":0.07356812804937363,"y":0.9077720046043396,"z":-0.17958596348762513,"w":0.3718724548816681},"size":1.4221419095993043,"orthographic":false}