{"cameraMode":{"drawMode":0,"name":"Shaded","section":"Shading Mode"},"sceneLighting":true,"audioPlay":false,"sceneViewState":{"showFog":true,"showMaterialUpdate":false,"showSkybox":true,"showFlares":true,"showImageEffects":true,"showParticleSystems":true},"in2DMode":false,"pivot":{"x":842.152587890625,"y":422.3668212890625,"z":-519.5302124023438},"rotation":{"x":-0.003295106114819646,"y":0.09495645016431809,"z":-0.00030630797846242785,"w":-0.9955001473426819},"size":143.76742553710938,"orthographic":false}