{"cameraMode":{"drawMode":0,"name":"Shaded","section":"Shading Mode"},"sceneLighting":true,"audioPlay":false,"sceneViewState":{"showFog":true,"showMaterialUpdate":false,"showSkybox":true,"showFlares":true,"showImageEffects":true,"showParticleSystems":true},"in2DMode":false,"pivot":{"x":0.0,"y":2.9823646545410158,"z":-5.960464477539063e-8},"rotation":{"x":0.0004861617926508188,"y":0.9898549318313599,"z":-0.14232873916625977,"w":0.003584602614864707},"size":2.3605329990386965,"orthographic":false}