{"cameraMode":{"drawMode":0,"name":"Shaded","section":"Shading Mode"},"sceneLighting":true,"audioPlay":false,"sceneViewState":{"showFog":true,"showMaterialUpdate":false,"showSkybox":true,"showFlares":true,"showImageEffects":true,"showParticleSystems":true},"in2DMode":false,"pivot":{"x":25.861286163330079,"y":16.2399845123291,"z":1.1187341213226319},"rotation":{"x":-0.2605283558368683,"y":-0.15929348766803742,"z":0.04358206316828728,"w":-0.951280951499939},"size":146.10850524902345,"orthographic":false}